Date;Id;Type;Text;Tags
2023-05-25 20:09:15.808642;1661796560475242497;quoted;Cuzao demajs, meu fx! Pq nÃ£o volta pra Disney, pateta? ğŸ¤”ğŸ¤­ https://t.co/qT4jjR3PjT;
2023-05-25 20:09:17.809423;1661796563738394662;retweeted;RT @PENELOPPE192: Je viens de dÃ©couvrir Ã§a..
Les personnes Ã¢gÃ©es Ã  qui on a donnÃ© du Rivotril, c'Ã©tait bien des gens ayant du mal Ã  respireâ€¦;
2023-05-25 20:09:19.810111;1661796563927150593;replied_to;@byycecee Feur 76;
2023-05-25 20:09:21.810834;1661796565365784587;replied_to;@lukas_telegram @petrus12_s @hkpoprad @hk_poprad_memes KeÄ k nÃ¡m priÅ¡iel, mal bod na zÃ¡pas v ZÄŒ, PO mu aÅ¾ tak nevyÅ¡lo a prÃ¡ve skonÄenÃ¡ sezÃ³na bola dosÅ¥ sklamanÃ­m ...;
2023-05-25 20:09:23.811810;1661796563730006051;replied_to;@Penny0010 ğŸ˜‚ğŸ˜‚ğŸ˜‚ğŸ¦‹ğŸ¦ğŸ‘»ğŸ¤ğŸ¤ğŸ¤#Hanker;
2023-05-25 20:09:25.812502;1661796565932015628;replied_to;@pablom_m Le preguntarÃ­as despuÃ©s a que partido ha votado? Se lo cederÃ­as solo si votara a quien a ti te parezca bien?;
2023-05-25 20:09:27.813129;1661796564120076294;retweeted;RT @rmanongo: FÃ©licitation au PR05 @fatshi13 qui a pris le courage de renÃ©gocier le contrat Chinois de 2008, qualifiÃ© de contrat du siÃ¨cleâ€¦;
2023-05-25 20:09:29.813797;1661796563511902219;replied_to;@IMA_Pma Solo hacen feria en la comarca para que estÃ©n calladitos.;
2023-05-25 20:09:31.814435;1661796565739008000;replied_to;@BetoMendeleiev_ ojo con el voto calificado, que capaz el que se queda sin votar sos vos;
2023-05-25 20:09:33.815066;1661796562065043457;replied_to;@Diablo_DE Kann man auch eher spielen,wenn man die normale Version kauft?Ich muss mal so doof fragen :X;
2023-05-25 20:09:35.815797;1661796562765500416;retweeted;RT @Mandarinnee: Â¿Entendemos eso? 
El pvto tren serÃ¡ un rotundo fracaso.
Â 
Quiero imaginar que al  seÃ±or Licenciado alias don Tlacoyo, le eâ€¦;
2023-05-25 20:09:37.816767;1661796565076393986;replied_to;@magweb8 No sÃ³lo eso, vas a tener a las "luchonas" protestar en la guardia porque su hijo padece bronquiolitis.
Atendeme al nene!!!!! Van a gritar;
2023-05-25 20:09:39.817540;1661796563486916608;replied_to;@DrSynthetiks @plej_a @Quo_vadis_BRD @DrASeidler @betabetula @Favilla_Lotter @AnwaltUlbrich @Kevin_McKernan @DrDrAlexanderW1 @sunfluencer @goddeketal @MrsMertes @ScienceWDrDoug @ScienceThorsten @Charlottesieb @ARadlerPohlDr @Parsifaler @Radbruch_lab @Coolombianito @aaatschi @SAW_BW @KlaasenSusanne @Mayim_or @mstoeter1 @_HartmutS @M_T_Franz @Johnincarlisle @Dr_GackGack @DrChristianWin1 @Fynnderella1 @aya_velazquez @Boris25309876 Naja, in der Blutbahn ist es ist schnell im Herzenâ€¦dort  richtet  es  ggf. mehrfach  Unheil  an.  EntzÃ¼ndung  durch  LNP,  Tranfektion  in den  Zellen  dortâ€¦Spikeprotein wird  prÃ¤sentiert  und  dann  geht  die  Abwehr  losâ€¦
ungut  Imho;
2023-05-25 20:09:41.818570;1661796564472414208;replied_to;@whostsars a miley no vÃ­deo passo mal;
2023-05-25 20:09:43.819678;1661796565051211794;replied_to;Deshalb ist so wichtig dass wir auch mal Ã¼berall hinhÃ¶ren.Nie weiÃŸ man wann es Menschen dich gut mit uns meinten-nicht immer verstehen wir das gleich .;
2023-05-25 20:09:45.820455;1661796564690522117;retweeted;RT @MarieRose42: L'AssemblÃ©e nationale demande au DGEQ de dÃ©classifier les documents de l'enquÃªte sur le financement du camp du non lors duâ€¦;
2023-05-25 20:09:47.821164;1661796566515023879;replied_to;@Pandanarchy1 Pourquoi se plaindre de n'avoir que 13 entraÃ®nements et en mÃªme temps faire une pause ? J'ai du mal Ã  comprendre leur argumentaire;
2023-05-25 20:09:49.821951;1661796566506635275;quoted;ferme ta GUEULE frere ololo mdrrr ma fait mal a la tete, va tfaire enculer pelo mdrrr arrete de crier https://t.co/1sb7hfk1Fx;
2023-05-25 20:09:51.822492;1661796568322670592;replied_to;@TonoVivanco @RenaSuspendido QuÃ© tiene que sean heteros? he visto homos haciendo cosas peores en lugares pÃºblicos! estÃ¡ mal en los 2 casos pero no vengamos con esa doble moral.;
2023-05-25 20:09:53.823229;1661796567668457481;retweeted;RT @FalialaKiza: J'ai mal au CÅ“ur ! https://t.co/ZO3qQshzsA;
2023-05-25 20:09:55.824205;1661796569681723396;retweeted;RT @wolfHot8: TRAGANDO RABO XL DE UN RUSO
EN MI APARTAMENTO DE BARCELONA! ğŸ’¦ğŸ†
ğŸ”https://t.co/xzByHZucXZ

ğŸ”https://t.co/kl54iROrtV

DEEP THROAâ€¦;
2023-05-25 20:09:57.824554;1661796568050139146;replied_to;@Oludeewon What about Spain and Portugal?;
2023-05-25 20:09:59.825374;1661796568109060098;quoted;ğŸ’” https://t.co/7OOTR7UKBw;
2023-05-25 20:10:01.826213;1661796568427626497;replied_to;@Civil_War_Spain After a few hours, the firefighters removed up to 7 trucks of ice, because all the water left and only the hail remained.;
2023-05-25 20:10:03.827010;1661796566468886534;retweeted;RT @esthercuestasan: Elecciones #5Feb el #VotoTelemÃ¡tico fue un fraude en el exterior. Estuve allÃ­, no me lo contaron. El sistema â€œse cayÃ³â€â€¦;
2023-05-25 20:10:05.827734;1661796565596471312;retweeted;RT @VICTORSILVES63: REPITAN CONMIGO: EL ALZHÃˆIMER NO SE HEREDA, NO SE HEREDA...
Dos razones principales provocan el diagnÃ³stico:
1- El malâ€¦;
2023-05-25 20:10:07.828251;1661796570210205707;retweeted;RT @HolaIngenieroMx: Mi relaciÃ³n perfecta serÃ­a estar con alguien que de lunes a viernes nos matemos trabajando y los fines de semana nos pâ€¦;
2023-05-25 20:10:09.829158;1661796567550918656;retweeted;RT @NDRrecherche: +++ Update +++

Die Generalstaatsanwaltschaft MÃ¼nchen korrigiert sich ein 2. Mal.

Gestern hatte die BehÃ¶rde auf unsere Aâ€¦;
2023-05-25 20:10:11.830117;1661796568326963202;retweeted;RT @Georg_Pazderski: Man muss immer mal wieder daran erinnern, von welchen rhetorischen und GeistesgrÃ¶ÃŸen die viertgrÃ¶ÃŸte Wirtschaftsnationâ€¦;
2023-05-25 20:10:13.830884;1661796568717033486;retweeted;RT @LaEntrerriana10: Dice 1 hbre, " Vinimos a buscar una definiciÃ³n de CFK, o de quien ella diga" le preguntan, pero con Alberto no le fueâ€¦;
2023-05-25 20:10:15.831666;1661796569824256000;retweeted;RT @ezequieldecarp: que mal se porta la gente conmigo cuando yo me portÃ³ re bien con ellos d hora en mÃ¡s me chupan la pija absolutamente toâ€¦;
2023-05-25 20:10:17.832702;1661796565931966464;retweeted;RT @FranklinCalderC: Ignorar el mal que causa la Dictadura de NicolÃ¡s Maduro en Venezuela es convertirse en cÃ³mplice de Ã©l. Hoy mi amado hiâ€¦;
2023-05-25 20:10:19.833242;1661796570164088832;replied_to;@Febrazink "mit groÃŸem Tempo" ğŸ˜‚ğŸ˜­;
2023-05-25 20:10:21.833636;1661796570352738306;quoted;Of all the countries I have been to in Africa, it was only in Ethiopia that I was asked by an Attendant if a tip should be added to my bill. 
My mouth was so fast to say NO. https://t.co/rIIedvCpXe;
2023-05-25 20:10:23.834279;1661796570226999296;retweeted;RT @K_Ibarguen: ResultÃ³ bien taimada Francia MÃ¡rquez, a toda pregunta relacionada con los suntuosos gastos a los cuales se mal acostumbrÃ³ râ€¦;
2023-05-25 20:10:25.835448;1661796568704376834;replied_to;@BolsonaroSP O sujo falando do mal lavado ğŸ‘ğŸ‘ğŸ‘ğŸ‘;
2023-05-25 20:10:27.836454;1661796570344423425;retweeted;RT @BosqueUrbanoMA: A dÃ­a de hoy, seis candidaturas a la alcaldÃ­a de #MÃ¡laga han firmado y sellado una carta de apoyo explÃ­cito para crearâ€¦;
2023-05-25 20:10:29.837252;1661796572860915713;replied_to;@Margaritas131 Jajaja es muy rico , a mÃ­ me hace mal la cebolla asÃ­ que no puedo comer por eso , pero antes si comÃ­a y es un manjar;
2023-05-25 20:10:31.838034;1661796571552382992;replied_to;@Mirx4_ Mais je suis Sah wsh snap ca beug;
2023-05-25 20:10:33.838748;1661796573725032457;replied_to;@CCNBandicoot Oui je me doute bien et Ã§a doit pas Ãªtre facile facile, je me rabat sur une femme qui joue Ã  crash bandicoot racing je crois et c Ã¢me passe le temps MDR en attendant le goat;
2023-05-25 20:10:35.839208;1661796571539800071;replied_to;@Freiheitsliebe7 Aber zum GlÃ¼ck daheim, sonst hÃ¤tte ich ans Hertha Spiel denken mÃ¼ssen.;
2023-05-25 20:10:37.840149;1661796572982648839;retweeted;RT @LuchiHj: como quisiera tener la facilidad de q me chupe un huevo como de ponerme mal por pelotudeces;
2023-05-25 20:10:39.840426;1661796572911353857;replied_to;@byycecee Feur 77;
2023-05-25 20:10:41.841220;1661796573687283715;replied_to;@wandernund @Neue_Flamme Ja, das kenne ich. Da gab es auch schon so einige Sachen und die Menschen haben das nicht so richtig wahrgenommen. Man sagt, sowas sei heute nicht mehr mÃ¶glich, aber dann kommt es in anderen AusprÃ¤gungen durch.;
2023-05-25 20:10:43.841730;1661796570071793666;retweeted;RT @Igor_from_Kyiv_: Servicemen of Great Britain, Canada, USA,Spain, Sweden, Poland, Latvia  and other allied countries are seeing off ourâ€¦;
2023-05-25 20:10:45.842083;1661796573473325056;retweeted;RT @sergiorgari: El denominador comÃºn de las compras del PSOE, desde elecciones a pvtas, pasando por drogas y mercenarios, es que lo pagamoâ€¦;
2023-05-25 20:10:47.842838;1661796570751270914;replied_to;Sans parler du constat des #violencespoliciÃ¨res qui peuvent Ãªtre subies en GAV: Ã§a paraÃ®t quand mÃªme moins Ã©vident de le faire en visio. 
Il faut espÃ©rer que @Senat et @AssembleeNat voteront au moins les amendements pour que le gardÃ© Ã  vue puisse donner son avis ğŸ‘‡ #PJLJustice https://t.co/nIy5Wr2LSX;
2023-05-25 20:10:49.843326;1661796572600979457;replied_to;@GraveSc92251417 MAL MELAMETÄ° Ã–RTER. KAVGADA KILIÃ‡ Ã–DÃœNÃ‡ VERÄ°LMEZ.;
2023-05-25 20:10:51.844311;1661796571124494336;replied_to;@matt_10969 @rapoutcontext Envelheceu tÃ£o mal que a nova geraÃ§Ã£o tÃ¡ gostando pra porra de conhecer ele atravÃ©s do tiktok kkk botou uma mÃºsica de 2004 como a mÃºsica mais tocada de rap em 2023;
2023-05-25 20:10:53.844692;1661796572445671424;replied_to;@JMilei EstÃ¡ noticia me devuelve la fe despuÃ©s del dipy;
2023-05-25 20:10:55.845498;1661796571825012755;Empty;sim amiga, quero ser igual a ti (marmita, burra, talarica, mal falada, pick me girl, mal educada e com cabelo de palha);
2023-05-25 20:10:57.846422;1661796567832047616;replied_to;@GeorgDrumpf Das schlimme ist doch, dass die
Psycho-Tante vermutlich auch noch glaubt, dass sie die beste Mutter des Jahrtausends und eine wunderbare PÃ¤dagogin ist. Da fehlt mir die Toleranz und das kommt von Herzen.;
2023-05-25 20:10:59.847106;1661796574576476171;retweeted;RT @CapitanBitcoin: En las Ãºltimas elecciones ya hubo ciudadanos denunciando pucherazo del PSOE. AquÃ­ un ejemplo en Huelva (donde para esteâ€¦;
2023-05-25 20:11:01.848005;1661796570537361408;retweeted;RT @stats_feed: How much you should tip restaurant staff:

ğŸ‡ºğŸ‡¸ USA: 20%
ğŸ‡¨ğŸ‡¦ Canada: 15-20%
ğŸ‡³ğŸ‡´ Norway: 10-20%
ğŸ‡²ğŸ‡½ Mexico: 15%
ğŸ‡¦ğŸ‡· Argentina: 10-â€¦;
2023-05-25 20:11:03.848596;1661796573016195076;Empty;eu e os meninos falando mal de todas as artistas possÃ­veis aqui no quarto do thiago https://t.co/s7nKzdNvMA;
2023-05-25 20:11:05.849430;1661796571451740161;Empty;JAJAJAJA el niÃ±ito solo finge, pobre de mi de lo que habla? O pobre de Ã©l por tener que hablar mal de mi para hacerse el hombre que nunca ha sido?;
2023-05-25 20:11:07.850536;1661796571678212111;retweeted;RT @MximaReina1: @tuiteropina Debo andar mal de la memoria, creÃ­ q un dÃ­a dijo q se retiraba de la polÃ­tica. Me confirman?;
2023-05-25 20:11:09.851223;1661796574710603777;retweeted;RT @TasteAtlas: Happy 25th of May, Argentina!  ğŸ‡¦ğŸ‡·

Discover Argentina: https://t.co/4i94O4ERP8

On the 25th of May, Argentina celebrates thâ€¦;
2023-05-25 20:11:11.851795;1661796575796944896;retweeted;RT @anitamcatalano: noche de tacos no vendrÃ­a mal;
2023-05-25 20:11:13.852217;1661796577436991511;retweeted;RT @FranHervias: Me envÃ­an esta foto del ayuntamiento de Calahorra (La Rioja), gobernado por el PSOE, trabajando una empresa de destrucciÃ³nâ€¦;
2023-05-25 20:11:15.852861;1661796577529282560;retweeted;RT @wwehateyous: je porte une abaya large de voilÃ©e on dirais g mis la burka frere que Ã§a me guette mal;
2023-05-25 20:11:17.853338;1661796575025266691;retweeted;RT @ArturYanet: Esperamos que no queden mal esperando 3 machos lechosos ğŸ†
Esperen los vÃ­deos 

((Si es que llegan ya demoraron 30m )) ğŸ˜‚ğŸ˜‚ğŸ˜‚â€¦;
2023-05-25 20:11:19.853938;1661796576409387014;replied_to;@shineddolan Câ€™est pas mal pour les camÃ©ras vos trophÃ©e (sur vote des fans) mais si tu veux 200k par semaine va falloir peser dans le jeu ewi le monde est mÃ©chant va voir Ã  ManU si yâ€™a dâ€™la place;
2023-05-25 20:11:21.854622;1661796576141131776;replied_to;@pauisliving No estarÃ­a mal;
2023-05-25 20:11:23.855254;1661796576056995843;retweeted;RT @marco_tima: Ou bouje sanksyon 
Ou pale mal sanksyon 

Nou konnen kiyes sa https://t.co/FZqEc5gKrc;
2023-05-25 20:11:25.855934;1661796575897698305;Empty;TodavÃ­a hay gente cuestionando si estÃ¡ bien o mal lo q ha hecho el pavo ese con las fotos de la rosaliaâ€¦ de vdd q miedo de sociedad;
2023-05-25 20:11:27.856451;1661796575482445824;replied_to;@marcalpalazzolo @ralmironok @mauriciomacri DespuÃ©s hay que escuchar que son todos iguales.Eso lo impuso el llamado "periodismo independiente" porque garpa decir eso.Son verdaderos mercenarios,desde los mÃ¡s viejos hasta los imberbes que estÃ¡n empezando.AdemÃ¡s son ignorantes,hablan mal, desinformados pero tienen micrÃ³fono.;
2023-05-25 20:11:29.857102;1661796576006733848;retweeted;RT @Sasha56525484: No puedo creer el mal humor que me genera esta humedad del ojeteeee;
2023-05-25 20:11:31.857874;1661796574475812865;quoted;Definitivamente un requisito para ser army es estar muy mal de la cabeza y que te falten las neuronas... https://t.co/I72tGXRlzA;
2023-05-25 20:11:33.858632;1661796576858177647;replied_to;AJHDJAJSJJSJS DIOS LO ESCRIBI RE MAL NO ME DA VERGÃœENZA LO AMO;
2023-05-25 20:11:35.859127;1661796579261513737;replied_to;@MadaanMansij @momsnextdoorx J aime bien c est pas mal je trouve;
2023-05-25 20:11:37.859597;1661796580515610634;replied_to;@jvegavara Y encima le vociferan oles sin hacer nada. Me huele a Puerta Grande regalada. OjalÃ¡ que no .;
2023-05-25 20:11:39.860084;1661796579345399813;Empty;Todo tiene un comienzo y un final y eso no significa que por que tengas un comienzo mal no significa que tu final serÃ¡ igual.;
2023-05-25 20:11:41.860534;1661796581144756240;quoted;Deshalb sei die Klimadebatte derzeit auch so aufgeregt, weil sie an einer Â»kritischen StelleÂ« angekommen ist, sagt Klimaforscherin Knopf. https://t.co/qaK8g34mBS https://t.co/6SF0WVku00;
2023-05-25 20:11:43.861326;1661796578783363079;Empty;que vergonha de sair da sala depois de apenas 1h de aula ğŸ¤¡ menos mal que eu avisei o prof que eu ia ter que sair antes mas mesmo assimmm;
2023-05-25 20:11:45.861868;1661796582738612225;quoted;eu acho que ser transexual nÃ£o tem nada de mal = far left aparentemente https://t.co/Voco12YZSN;
2023-05-25 20:11:47.862555;1661796579655778316;replied_to;@DaRkInGG_YT Viens DM bg;
2023-05-25 20:11:49.863418;1661796580465278987;replied_to;@xWolfBloomx @rebecsdead chocada, sempre fiz assim sem saber. tava atÃ© pensando em aumentar, mas q preguiÃ§a..;
2023-05-25 20:11:51.863832;1661796579563503634;retweeted;RT @VPG_Spain: ğŸ“ºRESULTADOS @latidoshop PRIMERA DIVISIÃ“N B

â­ï¸ Jornada 29

ğŸ“° Manita de @GoldRevolution3 

ğŸ“° @DesarrapaoseSp cae derrotado yâ€¦;
2023-05-25 20:11:53.864704;1661796579710304268;replied_to;@todorpgpodcast Por lo que veo, te recomiendo que subas los videos entre las 20h o 21h que son horas puntas, ya que a las 14h de la tarde, no hay apenas usuarios, youtube tiene mucho en cuenta las 3 primeras horas de la publicaciÃ³n, para recomendarlo.;
2023-05-25 20:11:55.865597;1661796580213551104;replied_to;@abelamundala @moise_katumbi Mr arrÃªtÃ© avec ton sale intimidation, toi tu connais les nombres des congolais qui meurent du jour au lendemain? Si vous, vous vivez dans sa poche ce ne pas tout le monde. Les soldats qui meurt au front qui porte la responsabilitÃ©? Ni kushikiye tena.;
2023-05-25 20:11:57.866230;1661796581706801152;replied_to;@wonsstyles yo:;
2023-05-25 20:11:59.867109;1661796577973862410;retweeted;RT @WillyTolerdoo: Suena a broma. Pero yo contratarÃ­a a una empresa extranjera totalmente imparcial, para que revise hasta el Ãºltimo voto pâ€¦;
2023-05-25 20:12:01.867544;1661796580549181442;replied_to;@VAlegrame Â¿PasÃ³ algo en las elecciones mÃ¡s prÃ³ximas al 11M? Pues dese por contestado.;
2023-05-25 20:12:03.868824;1661796582478544896;replied_to;@francalvoh Pero una cosa es que ellos se presenten, y otra convertir OT en la preselecciÃ³n, que es un error monumental porque limitas los cantantes posibles a 5, y las canciones que llegan no suelen ser buenas para ellos ğŸ˜©;
2023-05-25 20:12:05.870107;1661796579055992837;replied_to;@GrueneBundestag @maik_aussendorf .... dann hÃ¤tte ich das gerne mal rechnerisch dargestellt.;
2023-05-25 20:12:07.870519;1661796581371248641;Empty;Sen niye bu  Twitter  iÃ§ine ettin Allah iÃ§in illa mal sizin diye yapÄ±yorsunuz bunu @elonmusk  valla yaa saÃ§ma sapan biÅŸeyler oluyor ğŸ˜‚ğŸ˜‚;
2023-05-25 20:12:09.871591;1661796579202793494;retweeted;RT @CapitanBitcoin: En las Ãºltimas elecciones ya hubo ciudadanos denunciando pucherazo del PSOE. AquÃ­ un ejemplo en Huelva (donde para esteâ€¦;
2023-05-25 20:12:11.871964;1661796581006344193;retweeted;RT @paporetok: totalmente fora do ritmo, o violÃ£o ta desafinado, instrumento mal posicionado, nenhuma noÃ§Ã£o de acordes... pqp se esforce maâ€¦;
2023-05-25 20:12:13.872841;1661796580893114370;retweeted;RT @RbSotomayor: El dÃ­a de las elecciones es el Ãºnico dÃ­a que tu voto vale lo mismo que el del dueÃ±o de tu empresa.

Si trabajas este dominâ€¦;
2023-05-25 20:12:15.873518;1661796582847574016;Empty;as pessoas compartilhando fotos de um lanche do Mc que durou 13 anos intacto pra justificar que faz mal

ainda bem que nÃ£o espero 13 anos pra comer ğŸ˜˜;
2023-05-25 20:12:17.874573;1661796583590203392;retweeted;RT @javinavarrx: menos mal que taylor swift va a sacar otra versiÃ³n de midnight que incluye it hits different para que asÃ­ todas mis chicasâ€¦;
2023-05-25 20:12:19.875127;1661796581492895744;retweeted;RT @bereaguilarv: Si la estrategia del #PAN para 2024 es perder las elecciones, Â¡van muy bien! Dentro y fuera de las filas del panismo se câ€¦;
2023-05-25 20:12:21.875558;1661796583472545793;replied_to;@laesposadeterry t cae mal?;
2023-05-25 20:12:23.876423;1661796583371931651;replied_to;@RicardoBSalinas @MLMSalinas Con muebles de â€œ Electraâ€â€jaja mejor cÃ³mprenlos en la â€œ lagunillaâ€â€â€;
2023-05-25 20:12:25.876964;1661796586320535552;replied_to;@_Eduardo_2004 @maisesportsbr Sim, mas Ã© sempre bom ter pe no chÃ£o;
2023-05-25 20:12:27.877260;1661796585330679809;replied_to;@VirginieRochat ğŸ˜‚ğŸ˜‚â€¦ ce serait pas mal effectivement ğŸ˜…â€¦ douce soirÃ©e Virginie ğŸ˜˜ğŸ˜˜ğŸ’ğŸŒ¼âœ¨ğŸŒ¼ğŸ’;
2023-05-25 20:12:29.877863;1661796583246053376;replied_to;@MM___TV89 Danke dir mal wieder das du dir so viel Zeit genommen hast uns wieder diesen schÃ¶nen gratis content anzubieten, ich weiÃŸ das sehr zu schÃ¤tzen weil wir ohne dich und die anderen trader verloren wÃ¤ren und ihr das alles in eurer Freizeit macht und nichts daran verdientğŸ’œğŸ’œğŸ’œ;
2023-05-25 20:12:31.878228;1661796583959134219;replied_to;@furkancerkes YarraÄŸÄ±mÄ±n baÅŸÄ± yÃ¶netecek amÄ±na koduÄŸum yalakasÄ± gÃ¶tÃ¼nÃ¼zden uydurun sÃ¼rekli, mal olduÄŸun gerizekalÄ± olduÄŸun apaÃ§Ä±k ortada iki tane fotoÄŸraf koy algÄ± yarat aptal herif;
2023-05-25 20:12:33.878925;1661796583833321473;replied_to;@daimaslaylerim SedatÄ± azÄ±cÄ±k tanÄ±yan bu sebeple tatlÄ± tatlÄ± trip attÄ±ÄŸÄ±nÄ± laf soktuÄŸunu anlar sxvbnjg;
2023-05-25 20:12:35.880119;1661796584542343168;replied_to;@lapeorarmi Menos mal q traÃ­a los audÃ­fonos KKKKKK;
2023-05-25 20:12:37.881058;1661796585473277965;replied_to;@olivergorus Irgendwann musste der Keim allen Ãœbels ja mal spriessen.;
2023-05-25 20:12:39.882066;1661796587117445124;retweeted;RT @anitavmza: @loderaulo Yo con 60 no me puedo jubilar aÃºn con la moratoria, me siguen faltando aportes, estoy sin $1, mi gatito se puso râ€¦;
